{
  "size_class": "small",
  "n_cases": 12,
  "metrics": [
    "euler_total_inv",
    "loop_total",
    "junction_density",
    "FD_global"
  ],
  "note": "euler_total_inv = -(Center Euler + Periphery Euler). tortuosity_periphery excluded (consistent with large ref). Rebuilt from actual data 2026-02-20.",
  "mu": {
    "euler_total_inv": 53.333333333333336,
    "loop_total": 72.58333333333333,
    "junction_density": 13.419050343184344,
    "FD_global": 1.307872831366478
  },
  "sigma": {
    "euler_total_inv": 30.359878494852747,
    "loop_total": 33.53221916638119,
    "junction_density": 1.7084273801352128,
    "FD_global": 0.07604399476782912
  },
  "pc1_weights": {
    "euler_total_inv": 0.5399059924274539,
    "loop_total": 0.5404883669003449,
    "junction_density": 0.36091390113352645,
    "FD_global": 0.5348971869012804
  },
  "pc2_weights": {
    "euler_total_inv": -0.20915929976806835,
    "loop_total": -0.19850955416206337,
    "junction_density": 0.9324949224627229,
    "FD_global": -0.21748462890087542
  },
  "explained_variance_ratio": [
    0.8252151188728746,
    0.16388652605804846
  ],
  "score_min": -3.142258237397008,
  "score_max": 2.7815876081935067,
  "final_weights": {
    "PC1": 0.7,
    "PC2": 0.2,
    "TrunkDist": 0.1
  }
}