{
  "size_class": "large",
  "n_cases": 49,
  "n_before": 30,
  "n_after": 19,
  "metrics": [
    "euler_total_inv",
    "loop_total",
    "junction_density",
    "FD_global"
  ],
  "note": "Combined before+after PCA for treatment comparison. euler_total_inv = -(Center Euler + Periphery Euler). junction_density included (positive loading in combined cohort). Rebuilt 2026-02-20.",
  "mu": {
    "euler_total_inv": 169.85714285714286,
    "loop_total": 308.0408163265306,
    "junction_density": 25.878097988338567,
    "FD_global": 1.3974922975025055
  },
  "sigma": {
    "euler_total_inv": 144.33888694913193,
    "loop_total": 199.47972728909974,
    "junction_density": 1.8010464704191846,
    "FD_global": 0.08668025258643301
  },
  "pc1_weights": {
    "euler_total_inv": 0.6046712434239322,
    "loop_total": 0.5834786582566701,
    "junction_density": 0.14419998663207406,
    "FD_global": 0.5226200403643753
  },
  "pc2_weights": {
    "euler_total_inv": -0.0900387583625975,
    "loop_total": -0.21820770305927306,
    "junction_density": 0.9683917788900257,
    "FD_global": 0.08059641987290404
  },
  "explained_variance_ratio": [
    0.6373576517663176,
    0.24846510162486718
  ],
  "score_min": -2.9880658027566915,
  "score_max": 4.59975962652249,
  "final_weights": {
    "PC1": 0.7,
    "PC2": 0.2,
    "TrunkDist": 0.1
  }
}