{
  "size_class": "small_3mm",
  "n_cases": 30,
  "n_before": 23,
  "n_after": 7,
  "metrics": [
    "euler_total_inv",
    "loop_total",
    "junction_density",
    "FD_global"
  ],
  "note": "Combined before+after PCA for treatment comparison. euler_total_inv = -(Center Euler + Periphery Euler). Rebuilt 2026-02-20.",
  "mu": {
    "euler_total_inv": 132.2,
    "loop_total": 162.83333333333334,
    "junction_density": 21.960218392754314,
    "FD_global": 1.3778962928905478
  },
  "sigma": {
    "euler_total_inv": 99.33894838715912,
    "loop_total": 119.56897126298647,
    "junction_density": 3.608865423976063,
    "FD_global": 0.07461965771735642
  },
  "pc1_weights": {
    "euler_total_inv": 0.5740753717431044,
    "loop_total": 0.565733522908452,
    "junction_density": 0.2559700798082146,
    "FD_global": 0.533724991787516
  },
  "pc2_weights": {
    "euler_total_inv": -0.06873651567954539,
    "loop_total": -0.13633565352455004,
    "junction_density": 0.9583916162022281,
    "FD_global": -0.24119160637043374
  },
  "explained_variance_ratio": [
    0.7393981131137759,
    0.21886929214447753
  ],
  "score_min": -5.462555219053653,
  "score_max": 4.230919003225147,
  "final_weights": {
    "PC1": 0.7,
    "PC2": 0.2,
    "TrunkDist": 0.1
  },
  "PC2_min": -2.076853046687704,
  "PC2_max": 2.390170008407079
}