{"size_class":"large","n_cases":30,"metrics":["euler_total_inv","loop_total","junction_density","FD_global"],"note":"euler_total_inv = -(Center Euler + Periphery Euler). tortuosity_periphery excluded (negative PC1 loading). Rebuilt from actual data 2026-02-20.","mu":{"euler_total_inv":115.63333333333334,"loop_total":264.8333333333333,"junction_density":25.41188275804208,"FD_global":1.359448182976436},"sigma":{"euler_total_inv":99.3718549467381,"loop_total":179.85551299739345,"junction_density":1.6797280866643398,"FD_global":0.07790188396866661},"pc1_weights":{"euler_total_inv":0.6203859429004923,"loop_total":0.6113531092200342,"junction_density":0.11357380555980501,"FD_global":0.47798498761899244},"pc2_weights":{"euler_total_inv":0.06606342207220815,"loop_total":-0.06388348249465145,"junction_density":0.9678800935073566,"FD_global":-0.23401420794613506},"explained_variance_ratio":[0.6058164260889745,0.25261895124757505],"score_min":-2.750074105392918,"score_max":4.384642505317863,"final_weights":{"PC1":0.7,"PC2":0.2,"TrunkDist":0.1}}
