{"size_class":"large","n_cases":30,"note":"Rebuilt from actual data 2026-02-20. complexity_score recalculated with 4-variable PCA (euler_total_inv, loop_total, junction_density, FD_global).","percentiles":[10,25,40,50,60,65,75,90],"complexity_score":{"P10":6.523262809674587,"P25":28.89894312390944,"P40":36.14780742465997,"P50":38.224464224084784,"P60":41.4662043749904,"P65":41.73871776051268,"P75":47.09903538185871,"P90":63.10931114082011},"maturity_index":{"P10":74.00263126512128,"P25":76.98375077955922,"P40":78.07700159850846,"P50":79.38335467250829,"P60":80.30327851069333,"P65":80.67262959480855,"P75":80.82563707791394,"P90":81.67904946910589},"junction_density":{"P10":23.56069277261413,"P25":24.301253699910532,"P40":25.090486344504313,"P50":25.255486110606718,"P60":25.605568814615964,"P65":25.697646455346533,"P75":26.43146777518873,"P90":27.82862959387309},"endpoint_density":{"P10":5.438009642517853,"P25":5.861271699618691,"P40":6.095234866421235,"P50":6.143211786248452,"P60":6.2660486476780415,"P65":6.285533652533987,"P75":6.6016407955440135,"P90":7.04228643185554},"loop_total":{"P10":75.8,"P25":147.25,"P40":185,"P50":233,"P60":277.4,"P65":291.6,"P75":318,"P90":512.4},"mean_diameter_um":{"P10":15.626419242471457,"P25":15.750624239444733,"P40":15.87107330560684,"P50":15.944626182317734,"P60":16.013594437390566,"P65":16.05434340890497,"P75":16.086658579297364,"P90":16.247589653357863},"cv_diameter":{"P10":37.091291268543,"P25":37.71971905858028,"P40":38.16063908484942,"P50":38.3924775572259,"P60":38.679244605763735,"P65":38.8652890165444,"P75":38.9395462798435,"P90":39.549166533574905},"arteriolarization_segment_count":{"P10":365.7,"P25":613.75,"P40":903.2,"P50":1144,"P60":1453.3999999999999,"P65":1537.45,"P75":1724,"P90":2574.8},"center_branch_count":{"P10":0,"P25":6.5,"P40":15.200000000000003,"P50":25,"P60":50.39999999999999,"P65":54.85,"P75":72,"P90":176.90000000000003},"periphery_branch_count":{"P10":479.5,"P25":867.5,"P40":1078.6,"P50":1368.5,"P60":1761.3999999999999,"P65":1780,"P75":1992.5,"P90":2744.500000000001},"vessel_length_center":{"P10":0,"P25":0.24633767906450743,"P40":0.5550547886504598,"P50":0.9752261729297612,"P60":2.174940812884179,"P65":2.537812794440917,"P75":2.6970409292570303,"P90":7.291267370592763},"vessel_length_periphery":{"P10":20.409809451578518,"P25":35.13814689734619,"P40":42.766498467881455,"P50":51.601365885752685,"P60":67.13726033943857,"P65":70.90084315935897,"P75":75.6040979198862,"P90":115.15084577334913},"num_endpoints":{"P10":147.8,"P25":219.5,"P40":272,"P50":321,"P60":424.3999999999999,"P65":467.3,"P75":507.75,"P90":670.0000000000002},"stability_score":{"P10":9.363906600442807,"P25":27.636005919438716,"P40":42.09278238771938,"P50":47.932240046993414,"P60":57.70869643711319,"P65":60.82796952440821,"P75":64.33376132587854,"P90":65.50652776800973},"eccentricity":{"P10":0.22013722322378498,"P25":0.3859520395369813,"P40":0.5654473388858116,"P50":0.5805216837048395,"P60":0.8570954047381268,"P65":0.8844014909832681,"P75":1,"P90":1},"radial_uniformity":{"P10":0.30000000000000004,"P25":0.46249999999999997,"P40":0.63,"P50":0.7,"P60":0.7,"P65":0.7,"P75":0.7,"P90":1},"angular_cv":{"P10":0.43496135336396546,"P25":0.5317202894736845,"P40":0.6147169550330206,"P50":0.6866245605840442,"P60":0.8915580925741264,"P65":0.9478974471183038,"P75":0.996618948717421,"P90":1.0971760209648487},"image_width_px":{"P10":1024,"P25":1024,"P40":1024,"P50":1024,"P60":1024,"P65":1024,"P75":1024,"P90":1024}}
