{
  "size_class": "small",
  "n_cases": 33,
  "n_before": 12,
  "n_after": 21,
  "note": "n=33. stability: size-specific PCA (method 3) + piecewise correction. complexity: pipeline ref. maturity=clip(50+(stability-complexity)/2,0,100). 2026-02-25.",
  "percentiles": [
    10,
    25,
    40,
    50,
    60,
    65,
    75,
    90
  ],
  "complexity_score": {
    "P10": 36.66517054381928,
    "P25": 41.763799713559635,
    "P40": 48.065965150544706,
    "P50": 49.92221353055891,
    "P60": 53.76676484936435,
    "P65": 55.58279022612056,
    "P75": 57.906622618800505,
    "P90": 68.37370721781267
  },
  "maturity_index": {
    "P10": 42.88709112003944,
    "P25": 46.65544105658788,
    "P40": 49.90779318398654,
    "P50": 50.69953166110404,
    "P60": 52.01295166973153,
    "P65": 52.627368114150734,
    "P75": 54.24156021689171,
    "P90": 58.93089142678763
  },
  "stability_score": {
    "P10": 30.684249047040005,
    "P25": 43.15726109739828,
    "P40": 47.0246030806072,
    "P50": 49.868350147858074,
    "P60": 52.32576042246369,
    "P65": 54.89583775921678,
    "P75": 64.51013180314287,
    "P90": 83.7751364968622
  },
  "junction_density": {
    "P10": 11.625125968,
    "P25": 13.85106754,
    "P40": 15.142785492,
    "P50": 15.38952987,
    "P60": 17.299942033999997,
    "P65": 17.383368442000002,
    "P75": 18.07005948,
    "P90": 19.308043853999997
  },
  "endpoint_density": {
    "P10": 1.3862309957999999,
    "P25": 1.880727328,
    "P40": 2.1949753452,
    "P50": 2.378141527,
    "P60": 2.5398335184,
    "P65": 2.5696943464,
    "P75": 2.808118033,
    "P90": 3.4106169336
  },
  "loop_total": {
    "P10": 38.2,
    "P25": 49.0,
    "P40": 64.4,
    "P50": 69.0,
    "P60": 87.19999999999999,
    "P65": 108.80000000000001,
    "P75": 120.0,
    "P90": 169.8
  },
  "mean_diameter_um": {
    "P10": 27.342266178000003,
    "P25": 29.14339429,
    "P40": 30.014859112,
    "P50": 32.61184227,
    "P60": 33.923558144,
    "P65": 34.315612168,
    "P75": 35.15371587,
    "P90": 38.044334766
  },
  "cv_diameter": {
    "P10": 39.015719004,
    "P25": 40.32666207,
    "P40": 40.899638554,
    "P50": 41.30969152,
    "P60": 41.459947654,
    "P65": 41.578666766000005,
    "P75": 42.80629571,
    "P90": 44.504826674
  },
  "arteriolarization_segment_count": {
    "P10": 60.6,
    "P25": 93.0,
    "P40": 110.4,
    "P50": 161.0,
    "P60": 191.2,
    "P65": 208.0,
    "P75": 236.0,
    "P90": 509.2000000000001
  },
  "center_branch_count": {
    "P10": 0.0,
    "P25": 0.0,
    "P40": 2.0,
    "P50": 3.0,
    "P60": 8.2,
    "P65": 12.200000000000003,
    "P75": 17.0,
    "P90": 26.0
  },
  "periphery_branch_count": {
    "P10": 176.2,
    "P25": 239.0,
    "P40": 303.6,
    "P50": 336.0,
    "P60": 437.79999999999995,
    "P65": 504.20000000000005,
    "P75": 559.0,
    "P90": 704.2
  },
  "vessel_length_center": {
    "P10": 0.0,
    "P25": 0.0,
    "P40": 0.08080730300000002,
    "P50": 0.257412108,
    "P60": 0.9305371734,
    "P65": 1.0217089422,
    "P75": 1.122563973,
    "P90": 1.6787169636000001
  },
  "vessel_length_periphery": {
    "P10": 11.890519182,
    "P25": 14.89248753,
    "P40": 18.166504124000003,
    "P50": 23.65761295,
    "P60": 31.611444313999996,
    "P65": 33.77680505,
    "P75": 35.09280639,
    "P90": 42.384391006
  },
  "num_endpoints": {
    "P10": 30.4,
    "P25": 35.0,
    "P40": 47.0,
    "P50": 50.0,
    "P60": 54.2,
    "P65": 56.6,
    "P75": 71.0,
    "P90": 95.60000000000001
  },
  "image_width_px": {
    "P10": 1024.0,
    "P25": 1024.0,
    "P40": 1024.0,
    "P50": 1024.0,
    "P60": 1024.0,
    "P65": 1024.0,
    "P75": 1024.0,
    "P90": 1024.0
  },
  "eccentricity": {
    "P10": 0.22013722322378498,
    "P25": 0.3859520395369813,
    "P40": 0.5654473388858116,
    "P50": 0.5805216837048395,
    "P60": 0.8570954047381268,
    "P65": 0.8844014909832681,
    "P75": 1.0,
    "P90": 1.0
  },
  "radial_uniformity": {
    "P10": 0.30000000000000004,
    "P25": 0.46249999999999997,
    "P40": 0.63,
    "P50": 0.7,
    "P60": 0.7,
    "P65": 0.7,
    "P75": 0.7,
    "P90": 1.0
  },
  "angular_cv": {
    "P10": 0.43496135336396546,
    "P25": 0.5317202894736845,
    "P40": 0.6147169550330206,
    "P50": 0.6866245605840442,
    "P60": 0.8915580925741264,
    "P65": 0.9478974471183038,
    "P75": 0.996618948717421,
    "P90": 1.0971760209648487
  },
  "stability_ref": "stability_ref_small.json"
}