{
  "size_class": "small_3mm",
  "n_cases": 23,
  "note": "Rebuilt from actual data 2026-02-20 (new batch). stability_score = Caliber Uniformity Score. complexity_score recalculated with 4-variable PCA. junction_density and mean_diameter_um reflect updated pipeline values (~2x change from previous batch).",
  "percentiles": [
    10,
    25,
    40,
    50,
    60,
    65,
    75,
    90
  ],
  "complexity_score": {
    "P10": 8.156304985460155,
    "P25": 22.56653241154269,
    "P40": 25.688066413727395,
    "P50": 26.365104285795653,
    "P60": 28.24228332210657,
    "P65": 29.28600502647466,
    "P75": 41.96053883383179,
    "P90": 81.62335389465211
  },
  "maturity_index": {
    "P10": 33.96924850374132,
    "P25": 39.920280826215276,
    "P40": 44.24963295548271,
    "P50": 45.41167350607708,
    "P60": 45.94520720331223,
    "P65": 46.15158415821873,
    "P75": 47.897722083050354,
    "P90": 49.68464999695924
  },
  "stability_score": {
    "P10": 41.349479884976446,
    "P25": 53.35704766823945,
    "P40": 58.29689278218199,
    "P50": 58.908433859874734,
    "P60": 60.35563546153772,
    "P65": 60.9870537079687,
    "P75": 62.37414561956655,
    "P90": 64.88622205109527
  },
  "junction_density": {
    "P10": 18.21259252590903,
    "P25": 19.61716320691113,
    "P40": 20.480970906435818,
    "P50": 20.964516767592578,
    "P60": 21.18458014099334,
    "P65": 21.35580141765126,
    "P75": 21.900609066597365,
    "P90": 25.144607243568537
  },
  "endpoint_density": {
    "P10": 1.9454543258932235,
    "P25": 2.2390932827188825,
    "P40": 2.434199241825433,
    "P50": 2.4995084601466733,
    "P60": 2.5976905790116396,
    "P65": 2.626688617751861,
    "P75": 2.679514209521842,
    "P90": 3.043576138805174
  },
  "loop_total": {
    "P10": 50.00000000000001,
    "P25": 98.0,
    "P40": 108.2,
    "P50": 110.0,
    "P60": 117.6,
    "P65": 125.2,
    "P75": 164.5,
    "P90": 405.8
  },
  "mean_diameter_um": {
    "P10": 22.24651114145915,
    "P25": 22.719396750132244,
    "P40": 23.455145835876465,
    "P50": 23.5646136601766,
    "P60": 23.647367477416996,
    "P65": 23.73565689722697,
    "P75": 23.961851596832275,
    "P90": 24.105307579040527
  },
  "cv_diameter": {
    "P10": 45.055105703755586,
    "P25": 46.269646742269416,
    "P40": 46.71522675430589,
    "P50": 47.10212524294715,
    "P60": 47.26290283875337,
    "P65": 47.42500362588567,
    "P75": 48.34414574187588,
    "P90": 50.57635593612147
  },
  "arteriolarization_segment_count": {
    "P10": 133.00000000000003,
    "P25": 289.0,
    "P40": 332.6,
    "P50": 352.0,
    "P60": 412.6,
    "P65": 416.2,
    "P75": 442.5,
    "P90": 1288.6000000000001
  },
  "center_branch_count": {
    "P10": 0.0,
    "P25": 0.0,
    "P40": 0.0,
    "P50": 0.0,
    "P60": 0.0,
    "P65": 0.0,
    "P75": 0.0,
    "P90": 18.60000000000001
  },
  "periphery_branch_count": {
    "P10": 232.00000000000006,
    "P25": 465.0,
    "P40": 502.2,
    "P50": 518.0,
    "P60": 551.0,
    "P65": 568.1,
    "P75": 694.0,
    "P90": 1795.2
  },
  "vessel_length_center": {
    "P10": 0.0,
    "P25": 0.0,
    "P40": 0.0,
    "P50": 0.0,
    "P60": 0.0,
    "P65": 0.0,
    "P75": 0.0,
    "P90": 0.7000975464705584
  },
  "vessel_length_periphery": {
    "P10": 10.937583735452536,
    "P25": 22.845498542992587,
    "P40": 25.897871076435692,
    "P50": 26.85489993598603,
    "P60": 27.347033942737216,
    "P65": 27.552932451476217,
    "P75": 29.315600752128585,
    "P90": 91.42263120933758
  },
  "num_endpoints": {
    "P10": 29.200000000000003,
    "P25": 47.0,
    "P40": 54.6,
    "P50": 64.0,
    "P60": 67.4,
    "P65": 69.6,
    "P75": 77.5,
    "P90": 242.0000000000001
  },
  "eccentricity": {
    "P10": 0.22013722322378498,
    "P25": 0.3859520395369813,
    "P40": 0.5654473388858116,
    "P50": 0.5805216837048395,
    "P60": 0.8570954047381268,
    "P65": 0.8844014909832681,
    "P75": 1.0,
    "P90": 1.0
  },
  "angular_cv": {
    "P10": 0.43496135336396546,
    "P25": 0.5317202894736845,
    "P40": 0.6147169550330206,
    "P50": 0.6866245605840442,
    "P60": 0.8915580925741264,
    "P65": 0.9478974471183038,
    "P75": 0.996618948717421,
    "P90": 1.0971760209648487
  },
  "image_width_px": {
    "P10": 1024.0,
    "P25": 1024.0,
    "P40": 1024.0,
    "P50": 1024.0,
    "P60": 1024.0,
    "P65": 1024.0,
    "P75": 1024.0,
    "P90": 1024.0
  },
  "radial_uniformity": {
    "P10": 0.30000000000000004,
    "P25": 0.46249999999999997,
    "P40": 0.63,
    "P50": 0.7,
    "P60": 0.7,
    "P65": 0.7,
    "P75": 0.7,
    "P90": 1.0
  }
}