{
  "size_class": "large",
  "n_cases": 19,
  "percentiles": [
    10,
    25,
    40,
    50,
    60,
    65,
    75,
    90
  ],
  "complexity_score": {
    "P10": 1.4075953873209592,
    "P25": 1.704826181543928,
    "P40": 2.058755302363339,
    "P50": 3.114599388000485,
    "P60": 3.7173653988635063,
    "P65": 4.034218990496726,
    "P75": 4.7430633445182515,
    "P90": 5.609155691313664
  },
  "maturity_index": {
    "P10": 49.229344372280735,
    "P25": 59.63600789149302,
    "P40": 69.59663167400336,
    "P50": 72.89762706071113,
    "P60": 77.58565275725233,
    "P65": 78.81300334682943,
    "P75": 79.62797488762246,
    "P90": 80.38862641343795
  },
  "stability_score": {
    "P10": 9.363906600442807,
    "P25": 27.636005919438716,
    "P40": 42.09278238771938,
    "P50": 47.932240046993414,
    "P60": 57.70869643711319,
    "P65": 60.82796952440821,
    "P75": 64.33376132587854,
    "P90": 65.50652776800973
  },
  "junction_density": {
    "P10": 16.224876001078282,
    "P25": 16.83576425689194,
    "P40": 17.37464301637492,
    "P50": 17.65860965309096,
    "P60": 18.395122845603392,
    "P65": 18.677856207647196,
    "P75": 18.957598179780977,
    "P90": 19.60402620739594
  },
  "endpoint_density": {
    "P10": 4.198538751515191,
    "P25": 4.599604348267594,
    "P40": 4.96229851277854,
    "P50": 5.510643735617476,
    "P60": 5.99846044473243,
    "P65": 6.071984476280225,
    "P75": 6.42773897194253,
    "P90": 7.19990867253678
  },
  "eccentricity": {
    "P10": 0.22013722322378498,
    "P25": 0.3859520395369813,
    "P40": 0.5654473388858116,
    "P50": 0.5805216837048395,
    "P60": 0.8570954047381268,
    "P65": 0.8844014909832681,
    "P75": 1.0,
    "P90": 1.0
  },
  "radial_uniformity": {
    "P10": 0.30000000000000004,
    "P25": 0.46249999999999997,
    "P40": 0.63,
    "P50": 0.7,
    "P60": 0.7,
    "P65": 0.7,
    "P75": 0.7,
    "P90": 1.0
  },
  "angular_cv": {
    "P10": 0.43496135336396546,
    "P25": 0.5317202894736845,
    "P40": 0.6147169550330206,
    "P50": 0.6866245605840442,
    "P60": 0.8915580925741264,
    "P65": 0.9478974471183038,
    "P75": 0.996618948717421,
    "P90": 1.0971760209648487
  },
  "loop_total": {
    "P10": 54.8,
    "P25": 76.5,
    "P40": 98.60000000000001,
    "P50": 159.0,
    "P60": 167.2,
    "P65": 171.1,
    "P75": 188.5,
    "P90": 250.0
  },
  "mean_diameter_um": {
    "P10": 18.455982953310013,
    "P25": 19.153830595314503,
    "P40": 19.865428190678358,
    "P50": 19.916418939828873,
    "P60": 20.682333782315254,
    "P65": 20.78339383006096,
    "P75": 20.857594907283783,
    "P90": 21.182618848979473
  },
  "cv_diameter": {
    "P10": 43.04416758955878,
    "P25": 43.97104989402999,
    "P40": 45.051549923757065,
    "P50": 45.41559678247471,
    "P60": 45.76172121795161,
    "P65": 45.87068446528018,
    "P75": 46.47175903650039,
    "P90": 47.31132126666465
  },
  "arteriolarization_segment_count": {
    "P10": 379.2,
    "P25": 489.5,
    "P40": 593.4000000000001,
    "P50": 773.0,
    "P60": 850.8,
    "P65": 872.5,
    "P75": 1038.0,
    "P90": 1243.6
  },
  "center_branch_count": {
    "P10": 0.0,
    "P25": 0.0,
    "P40": 0.0,
    "P50": 0.0,
    "P60": 0.0,
    "P65": 0.0,
    "P75": 0.0,
    "P90": 0.0
  },
  "periphery_branch_count": {
    "P10": 293.0,
    "P25": 426.5,
    "P40": 567.8000000000001,
    "P50": 927.0,
    "P60": 959.6,
    "P65": 970.7,
    "P75": 1114.5,
    "P90": 1444.0
  },
  "vessel_length_center": {
    "P10": 0.0,
    "P25": 0.0,
    "P40": 0.0,
    "P50": 0.0,
    "P60": 0.0,
    "P65": 0.0,
    "P75": 0.0,
    "P90": 0.0
  },
  "vessel_length_periphery": {
    "P10": 15.43680895682954,
    "P25": 22.113545669293405,
    "P40": 33.75148164908966,
    "P50": 50.19204838536672,
    "P60": 54.57918650270047,
    "P65": 55.56629993467972,
    "P75": 68.50216361505119,
    "P90": 81.60770126651207
  },
  "num_endpoints": {
    "P10": 78.6,
    "P25": 146.0,
    "P40": 181.8,
    "P50": 228.0,
    "P60": 258.8,
    "P65": 297.50000000000006,
    "P75": 343.5,
    "P90": 408.19999999999993
  },
  "image_width_px": {
    "P10": 1024.0,
    "P25": 1024.0,
    "P40": 1024.0,
    "P50": 1024.0,
    "P60": 1024.0,
    "P65": 1024.0,
    "P75": 1024.0,
    "P90": 1024.0
  }
}
