{
  "size_class": "small",
  "n_cases": 12,
  "note": "Rebuilt from new batch MNV_batch_20260220_231308_small.csv. stability_score = Caliber Uniformity Score. complexity_score uses 4-variable PCA (euler_total_inv, loop_total, junction_density, FD_global).",
  "percentiles": [
    10,
    25,
    40,
    50,
    60,
    65,
    75,
    90
  ],
  "complexity_score": {
    "P10": 34.28277085280862,
    "P25": 35.783300243323175,
    "P40": 42.54765803118631,
    "P50": 50.050889535227654,
    "P60": 55.41577633501963,
    "P65": 58.886547597042274,
    "P75": 68.13577244537179,
    "P90": 91.67500426993536
  },
  "maturity_index": {
    "P10": 56.24654834047005,
    "P25": 62.345999674107546,
    "P40": 69.04574700838289,
    "P50": 70.24379988538792,
    "P60": 70.87116663764003,
    "P65": 71.51490622099314,
    "P75": 73.16174988400022,
    "P90": 73.60952779244079
  },
  "stability_score": {
    "P10": 23.384405879435633,
    "P25": 32.8430542026353,
    "P40": 46.132290000662195,
    "P50": 52.760525899624355,
    "P60": 56.71263083520079,
    "P65": 57.18209638880422,
    "P75": 59.70276014578805,
    "P90": 61.078405337829444
  },
  "junction_density": {
    "P10": 10.019332213337803,
    "P25": 11.31566427954424,
    "P40": 13.793310494391147,
    "P50": 13.899674443144937,
    "P60": 14.17048778436022,
    "P65": 14.343310335135264,
    "P75": 14.427936021403129,
    "P90": 15.134075568575993
  },
  "endpoint_density": {
    "P10": 1.341264859544351,
    "P25": 1.4900384106574902,
    "P40": 1.729186507375316,
    "P50": 2.0734698092214585,
    "P60": 2.162232292540948,
    "P65": 2.1891017646945086,
    "P75": 2.3608302596667188,
    "P90": 2.4340173821677538
  },
  "loop_total": {
    "P10": 36.1,
    "P25": 37.75,
    "P40": 48.60000000000001,
    "P50": 61.0,
    "P60": 63.8,
    "P65": 65.75,
    "P75": 76.5,
    "P90": 98.7
  },
  "mean_diameter_um": {
    "P10": 34.25615122541785,
    "P25": 34.4499999191612,
    "P40": 35.06143894046545,
    "P50": 35.421954933553934,
    "P60": 35.62222067266703,
    "P65": 35.855194833129644,
    "P75": 36.96480975486338,
    "P90": 38.24820192530751
  },
  "cv_diameter": {
    "P10": 38.975118391699645,
    "P25": 39.928237240960065,
    "P40": 41.32729017366193,
    "P50": 41.82166097313481,
    "P60": 41.894782186286044,
    "P65": 42.05713352698806,
    "P75": 42.92384510486683,
    "P90": 43.566465956017836
  },
  "arteriolarization_segment_count": {
    "P10": 53.3,
    "P25": 56.75,
    "P40": 116.20000000000002,
    "P50": 154.5,
    "P60": 166.4,
    "P65": 173.4,
    "P75": 231.25,
    "P90": 314.8
  },
  "center_branch_count": {
    "P10": 0.0,
    "P25": 0.0,
    "P40": 0.0,
    "P50": 0.0,
    "P60": 0.0,
    "P65": 0.0,
    "P75": 0.75,
    "P90": 3.9000000000000004
  },
  "periphery_branch_count": {
    "P10": 161.4,
    "P25": 170.25,
    "P40": 282.20000000000005,
    "P50": 329.0,
    "P60": 333.8,
    "P65": 340.75,
    "P75": 375.75,
    "P90": 424.2
  },
  "vessel_length_center": {
    "P10": 0.0,
    "P25": 0.0,
    "P40": 0.0,
    "P50": 0.0,
    "P60": 0.0,
    "P65": 0.0,
    "P75": 0.0087890625,
    "P90": 0.09225928366565375
  },
  "vessel_length_periphery": {
    "P10": 11.503659438730587,
    "P25": 12.183010341261493,
    "P40": 21.317988691417245,
    "P50": 24.01368454371851,
    "P60": 27.723550951081595,
    "P65": 28.791809118106425,
    "P75": 29.708447459747763,
    "P90": 31.84085284548487
  },
  "num_endpoints": {
    "P10": 28.0,
    "P25": 28.75,
    "P40": 39.0,
    "P50": 41.0,
    "P60": 44.8,
    "P65": 46.0,
    "P75": 47.0,
    "P90": 56.300000000000004
  },
  "image_width_px": {
    "P10": 1024.0,
    "P25": 1024.0,
    "P40": 1024.0,
    "P50": 1024.0,
    "P60": 1024.0,
    "P65": 1024.0,
    "P75": 1024.0,
    "P90": 1024.0
  },
  "eccentricity": {
    "P10": 0.22013722322378498,
    "P25": 0.3859520395369813,
    "P40": 0.5654473388858116,
    "P50": 0.5805216837048395,
    "P60": 0.8570954047381268,
    "P65": 0.8844014909832681,
    "P75": 1.0,
    "P90": 1.0
  },
  "radial_uniformity": {
    "P10": 0.30000000000000004,
    "P25": 0.46249999999999997,
    "P40": 0.63,
    "P50": 0.7,
    "P60": 0.7,
    "P65": 0.7,
    "P75": 0.7,
    "P90": 1.0
  },
  "angular_cv": {
    "P10": 0.43496135336396546,
    "P25": 0.5317202894736845,
    "P40": 0.6147169550330206,
    "P50": 0.6866245605840442,
    "P60": 0.8915580925741264,
    "P65": 0.9478974471183038,
    "P75": 0.996618948717421,
    "P90": 1.0971760209648487
  }
}