{
  "size_class": "small_3mm",
  "n_cases": 30,
  "n_before": 23,
  "n_after": 7,
  "note": "Combined before+after cohort. Rebuilt 2026-02-20. stability_score = Caliber Uniformity Score. complexity_score uses 4-variable combined PCA. Re-computed with sigmoid PCA pipeline (PC1×0.7+PC2×0.2+Trunk×0.1). maturity_index = clip(50+(stability-complexity)/2, 0, 100).",
  "percentiles": [
    10,
    25,
    40,
    50,
    60,
    65,
    75,
    90
  ],
  "complexity_score": {
    "P10": 43.760169260823055,
    "P25": 45.85656648230372,
    "P40": 47.23463458754514,
    "P50": 47.848581640961235,
    "P60": 49.98256676990096,
    "P65": 52.7149625030578,
    "P75": 57.10521587833652,
    "P90": 71.77961984242116
  },
  "maturity_index": {
    "P10": 38.51960234352338,
    "P25": 48.312097885002096,
    "P40": 51.443631727774516,
    "P50": 52.83240876463269,
    "P60": 53.71438613883358,
    "P65": 55.284036870127196,
    "P75": 55.99835200449183,
    "P90": 58.3079313472765
  },
  "stability_score": {
    "P10": 40.6530461568825,
    "P25": 52.26422996674222,
    "P40": 56.78536580770575,
    "P50": 58.85434888597378,
    "P60": 60.476030244511165,
    "P65": 61.261758751286884,
    "P75": 62.76033419855845,
    "P90": 65.21877100789703
  },
  "junction_density": {
    "P10": 18.251938028539147,
    "P25": 20.22977731298657,
    "P40": 20.91566427903313,
    "P50": 21.242857191530327,
    "P60": 21.52725723045278,
    "P65": 21.99370755669902,
    "P75": 23.213293345356924,
    "P90": 25.316285601153588
  },
  "endpoint_density": {
    "P10": 1.9221753764400171,
    "P25": 2.235564896029037,
    "P40": 2.4503236544440345,
    "P50": 2.529237697190535,
    "P60": 2.6272558169302136,
    "P65": 2.6457241359903825,
    "P75": 2.715503801372023,
    "P90": 3.106471820105834
  },
  "loop_total": {
    "P10": 48.400000000000006,
    "P25": 98.0,
    "P40": 108.6,
    "P50": 110.0,
    "P60": 125.6,
    "P65": 132.25,
    "P75": 165.75,
    "P90": 394.6
  },
  "mean_diameter_um": {
    "P10": 22.278302033742268,
    "P25": 23.19770574569702,
    "P40": 23.572327931722008,
    "P50": 23.631163438161217,
    "P60": 23.814757347106934,
    "P65": 23.987424612045288,
    "P75": 24.104653199513756,
    "P90": 24.944962342580162
  },
  "cv_diameter": {
    "P10": 45.88274101256686,
    "P25": 46.387707067891704,
    "P40": 47.04940685308274,
    "P50": 47.29517583279839,
    "P60": 47.677510860074904,
    "P65": 48.80581256633413,
    "P75": 50.52259683582875,
    "P90": 61.434091406921844
  },
  "arteriolarization_segment_count": {
    "P10": 141.60000000000002,
    "P25": 234.25,
    "P40": 309.0,
    "P50": 342.5,
    "P60": 360.2,
    "P65": 405.4000000000001,
    "P75": 433.25,
    "P90": 1248.7
  },
  "center_branch_count": {
    "P10": 0.0,
    "P25": 0.0,
    "P40": 0.0,
    "P50": 0.0,
    "P60": 0.0,
    "P65": 0.0,
    "P75": 6.0,
    "P90": 19.200000000000003
  },
  "periphery_branch_count": {
    "P10": 246.30000000000004,
    "P25": 459.0,
    "P40": 493.8,
    "P50": 517.0,
    "P60": 554.0,
    "P65": 577.45,
    "P75": 703.0,
    "P90": 1676.9000000000003
  },
  "vessel_length_center": {
    "P10": 0.0,
    "P25": 0.0,
    "P40": 0.0,
    "P50": 0.0,
    "P60": 0.0,
    "P65": 0.0,
    "P75": 0.17461592103616747,
    "P90": 0.7206024526791454
  },
  "vessel_length_periphery": {
    "P10": 10.48191456824839,
    "P25": 21.60746944415058,
    "P40": 25.23950493876158,
    "P50": 26.71109281724026,
    "P60": 27.36745221884314,
    "P65": 27.780679011464542,
    "P75": 29.696384301249566,
    "P90": 62.052116798883596
  },
  "num_endpoints": {
    "P10": 35.1,
    "P25": 48.5,
    "P40": 55.6,
    "P50": 62.5,
    "P60": 65.8,
    "P65": 68.7,
    "P75": 80.25,
    "P90": 140.5000000000002
  },
  "image_width_px": {
    "P10": 1024.0,
    "P25": 1024.0,
    "P40": 1024.0,
    "P50": 1024.0,
    "P60": 1024.0,
    "P65": 1024.0,
    "P75": 1024.0,
    "P90": 1024.0
  },
  "eccentricity": {
    "P10": 0.22013722322378498,
    "P25": 0.3859520395369813,
    "P40": 0.5654473388858116,
    "P50": 0.5805216837048395,
    "P60": 0.8570954047381268,
    "P65": 0.8844014909832681,
    "P75": 1.0,
    "P90": 1.0
  },
  "radial_uniformity": {
    "P10": 0.30000000000000004,
    "P25": 0.46249999999999997,
    "P40": 0.63,
    "P50": 0.7,
    "P60": 0.7,
    "P65": 0.7,
    "P75": 0.7,
    "P90": 1.0
  },
  "angular_cv": {
    "P10": 0.43496135336396546,
    "P25": 0.5317202894736845,
    "P40": 0.6147169550330206,
    "P50": 0.6866245605840442,
    "P60": 0.8915580925741264,
    "P65": 0.9478974471183038,
    "P75": 0.996618948717421,
    "P90": 1.0971760209648487
  }
}