{
  "size_class": "small",
  "n_cases": 12,
  "note": "Rebuilt from actual data 2026-02-20. complexity_score recalculated with 4-variable PCA (euler_total_inv, loop_total, junction_density, FD_global).",
  "percentiles": [
    10,
    25,
    40,
    50,
    60,
    65,
    75,
    90
  ],
  "complexity_score": {
    "P10": 28.401006312297483,
    "P25": 31.065547539363337,
    "P40": 36.72739007558195,
    "P50": 50.57473315106651,
    "P60": 57.76906027747749,
    "P65": 58.5317942348004,
    "P75": 68.85532673898346,
    "P90": 99.49371664820296
  },
  "maturity_index": {
    "P10": 58.625094725999105,
    "P25": 68.40127057103919,
    "P40": 72.34239892349026,
    "P50": 72.98936936269223,
    "P60": 73.6987577085051,
    "P65": 73.99618791610924,
    "P75": 76.73203645515737,
    "P90": 81.48887373284126
  },
  "junction_density": {
    "P10": 10.997962089841225,
    "P25": 11.856948709630423,
    "P40": 13.642862254082742,
    "P50": 13.830256211142352,
    "P60": 13.970007358586564,
    "P65": 14.207750347509227,
    "P75": 15.117242754841447,
    "P90": 15.167973275591613
  },
  "endpoint_density": {
    "P10": 1.4916645155828767,
    "P25": 1.6626530385893825,
    "P40": 1.9569223495498982,
    "P50": 2.1954766267910726,
    "P60": 2.3547802648103358,
    "P65": 2.391085855869241,
    "P75": 2.480174641642295,
    "P90": 2.5408810139811524
  },
  "loop_total": {
    "P10": 38.6,
    "P25": 44.0,
    "P40": 57.00000000000001,
    "P50": 69.0,
    "P60": 79.19999999999999,
    "P65": 86.9,
    "P75": 98.5,
    "P90": 118.9
  },
  "mean_diameter_um": {
    "P10": 33.91304528340697,
    "P25": 34.29636522196233,
    "P40": 34.86049845814705,
    "P50": 35.042031202465296,
    "P60": 35.258000157773495,
    "P65": 35.504612512886524,
    "P75": 36.988186882808805,
    "P90": 38.51802796125412
  },
  "cv_diameter": {
    "P10": 38.988411362486424,
    "P25": 39.77378316675521,
    "P40": 41.14763539907705,
    "P50": 41.43142132791661,
    "P60": 41.63018261115012,
    "P65": 41.80947786539172,
    "P75": 42.901498993892226,
    "P90": 44.02254234508815
  },
  "arteriolarization_segment_count": {
    "P10": 60.3,
    "P25": 69.75,
    "P40": 136.0,
    "P50": 166.5,
    "P60": 188.0,
    "P65": 201.5,
    "P75": 210.75,
    "P90": 219.3
  },
  "center_branch_count": {
    "P10": 0.0,
    "P25": 0.0,
    "P40": 0.0,
    "P50": 0.0,
    "P60": 0.0,
    "P65": 0.0,
    "P75": 0.5,
    "P90": 2.0
  },
  "periphery_branch_count": {
    "P10": 174.6,
    "P25": 214.5,
    "P40": 309.0,
    "P50": 376.5,
    "P60": 420.59999999999997,
    "P65": 436.1,
    "P75": 477.25,
    "P90": 518.5
  },
  "vessel_length_center": {
    "P10": 0.0,
    "P25": 0.0,
    "P40": 0.0,
    "P50": 0.0,
    "P60": 0.0,
    "P65": 0.0,
    "P75": 0.005859375,
    "P90": 0.08054053366565375
  },
  "vessel_length_periphery": {
    "P10": 13.031501530295614,
    "P25": 15.474432865227243,
    "P40": 22.9150059047614,
    "P50": 27.38717404026869,
    "P60": 32.841682881297764,
    "P65": 34.063365020408376,
    "P75": 34.6255225042277,
    "P90": 36.71265648244909
  },
  "num_endpoints": {
    "P10": 32.2,
    "P25": 40.75,
    "P40": 47.8,
    "P50": 50.0,
    "P60": 53.4,
    "P65": 55.3,
    "P75": 59.25,
    "P90": 72.3
  },
  "stability_score": {
    "P10": 9.363906600442807,
    "P25": 27.636005919438716,
    "P40": 42.09278238771938,
    "P50": 47.932240046993414,
    "P60": 57.70869643711319,
    "P65": 60.82796952440821,
    "P75": 64.33376132587854,
    "P90": 65.50652776800973
  },
  "eccentricity": {
    "P10": 0.22013722322378498,
    "P25": 0.3859520395369813,
    "P40": 0.5654473388858116,
    "P50": 0.5805216837048395,
    "P60": 0.8570954047381268,
    "P65": 0.8844014909832681,
    "P75": 1.0,
    "P90": 1.0
  },
  "radial_uniformity": {
    "P10": 0.30000000000000004,
    "P25": 0.46249999999999997,
    "P40": 0.63,
    "P50": 0.7,
    "P60": 0.7,
    "P65": 0.7,
    "P75": 0.7,
    "P90": 1.0
  },
  "angular_cv": {
    "P10": 0.43496135336396546,
    "P25": 0.5317202894736845,
    "P40": 0.6147169550330206,
    "P50": 0.6866245605840442,
    "P60": 0.8915580925741264,
    "P65": 0.9478974471183038,
    "P75": 0.996618948717421,
    "P90": 1.0971760209648487
  },
  "image_width_px": {
    "P10": 1024.0,
    "P25": 1024.0,
    "P40": 1024.0,
    "P50": 1024.0,
    "P60": 1024.0,
    "P65": 1024.0,
    "P75": 1024.0,
    "P90": 1024.0
  }
}