{
  "size_class": "large",
  "n_cases": 19,
  "note": "Rebuilt from new batch 2026-02-20. stability_score = Caliber Uniformity Score. complexity_score uses 3-variable PCA (euler_total_inv, loop_total, FD_global); junction_density excluded due to negative PC1 loading in large cohort.",
  "percentiles": [
    10,
    25,
    40,
    50,
    60,
    65,
    75,
    90
  ],
  "complexity_score": {
    "P10": 32.78941303745595,
    "P25": 37.21445727662085,
    "P40": 46.071771436949184,
    "P50": 49.063897735546995,
    "P60": 51.49234662856414,
    "P65": 52.4031213722961,
    "P75": 57.371730758624594,
    "P90": 75.74072128834635
  },
  "maturity_index": {
    "P10": 41.41290912562301,
    "P25": 42.10309370718406,
    "P40": 44.14469161838585,
    "P50": 45.38577445509768,
    "P60": 45.95134956569665,
    "P65": 46.42530192210192,
    "P75": 47.96106099345009,
    "P90": 52.29278362632688
  },
  "stability_score": {
    "P10": 59.69978861460198,
    "P25": 64.75135884639441,
    "P40": 66.31343833820594,
    "P50": 66.60395526309811,
    "P60": 67.56752234843702,
    "P65": 67.69434303290622,
    "P75": 68.16920789127161,
    "P90": 69.26771041272404
  },
  "junction_density": {
    "P10": 25.00771777043934,
    "P25": 25.775732690255147,
    "P40": 26.259705722257937,
    "P50": 26.329637220316133,
    "P60": 26.541622193853488,
    "P65": 26.644736945407022,
    "P75": 27.079518581332096,
    "P90": 28.236488320437054
  },
  "endpoint_density": {
    "P10": 4.18878135072377,
    "P25": 4.3519271088478035,
    "P40": 4.918931826906775,
    "P50": 5.069172500642079,
    "P60": 5.116466831490172,
    "P65": 5.178731466697492,
    "P75": 5.285729716569464,
    "P90": 5.450409662007446
  },
  "loop_total": {
    "P10": 183.6,
    "P25": 238.5,
    "P40": 309.2,
    "P50": 314.0,
    "P60": 387.19999999999993,
    "P65": 401.5,
    "P75": 460.5,
    "P90": 607.5999999999998
  },
  "mean_diameter_um": {
    "P10": 15.653600916266441,
    "P25": 15.865737106651068,
    "P40": 16.06334298849106,
    "P50": 16.263958532363176,
    "P60": 16.440918669104576,
    "P65": 16.453346936032176,
    "P75": 16.498688142746687,
    "P90": 16.58350769430399
  },
  "cv_diameter": {
    "P10": 36.85934407997875,
    "P25": 37.725279966304406,
    "P40": 38.39256826626024,
    "P50": 38.72604010163894,
    "P60": 38.96437324941644,
    "P65": 38.98940002114042,
    "P75": 39.37047743334365,
    "P90": 39.7720725818573
  },
  "arteriolarization_segment_count": {
    "P10": 657.8,
    "P25": 1237.5,
    "P40": 1297.0,
    "P50": 1306.0,
    "P60": 1600.1999999999998,
    "P65": 1822.3000000000004,
    "P75": 2166.0,
    "P90": 2626.3999999999996
  },
  "center_branch_count": {
    "P10": 0.0,
    "P25": 0.0,
    "P40": 11.400000000000002,
    "P50": 37.0,
    "P60": 59.399999999999984,
    "P65": 89.30000000000004,
    "P75": 112.5,
    "P90": 148.2
  },
  "periphery_branch_count": {
    "P10": 962.4,
    "P25": 1370.5,
    "P40": 1636.8,
    "P50": 1927.0,
    "P60": 2172.2,
    "P65": 2267.5,
    "P75": 2641.5,
    "P90": 3353.3999999999987
  },
  "vessel_length_center": {
    "P10": 0.0,
    "P25": 0.0,
    "P40": 0.4008039093559642,
    "P50": 1.350886514954418,
    "P60": 2.2655487337430085,
    "P65": 3.2850521237355865,
    "P75": 3.966276884587164,
    "P90": 6.311142531827134
  },
  "vessel_length_periphery": {
    "P10": 33.56756871925861,
    "P25": 50.17421512482394,
    "P40": 62.20415707340879,
    "P50": 73.18748769212488,
    "P60": 82.18903742134444,
    "P65": 83.04681665037062,
    "P75": 99.80737192679496,
    "P90": 128.91480223930358
  },
  "num_endpoints": {
    "P10": 170.4,
    "P25": 268.0,
    "P40": 276.6,
    "P50": 371.0,
    "P60": 435.3999999999999,
    "P65": 456.7,
    "P75": 502.0,
    "P90": 678.9999999999999
  },
  "image_width_px": {
    "P10": 1024.0,
    "P25": 1024.0,
    "P40": 1024.0,
    "P50": 1024.0,
    "P60": 1024.0,
    "P65": 1024.0,
    "P75": 1024.0,
    "P90": 1024.0
  },
  "eccentricity": {
    "P10": 0.22013722322378498,
    "P25": 0.3859520395369813,
    "P40": 0.5654473388858116,
    "P50": 0.5805216837048395,
    "P60": 0.8570954047381268,
    "P65": 0.8844014909832681,
    "P75": 1.0,
    "P90": 1.0
  },
  "radial_uniformity": {
    "P10": 0.30000000000000004,
    "P25": 0.46249999999999997,
    "P40": 0.63,
    "P50": 0.7,
    "P60": 0.7,
    "P65": 0.7,
    "P75": 0.7,
    "P90": 1.0
  },
  "angular_cv": {
    "P10": 0.43496135336396546,
    "P25": 0.5317202894736845,
    "P40": 0.6147169550330206,
    "P50": 0.6866245605840442,
    "P60": 0.8915580925741264,
    "P65": 0.9478974471183038,
    "P75": 0.996618948717421,
    "P90": 1.0971760209648487
  }
}