{
  "size_class": "small_3mm",
  "n_cases": 30,
  "n_before": 23,
  "n_after": 7,
  "note": "n=30. stability: size-specific PCA (method 3) + piecewise correction. complexity: pipeline ref. maturity=clip(50+(stability-complexity)/2,0,100). 2026-02-25.",
  "percentiles": [
    10,
    25,
    40,
    50,
    60,
    65,
    75,
    90
  ],
  "complexity_score": {
    "P10": 44.01058328554438,
    "P25": 45.705480688268736,
    "P40": 48.59334405097562,
    "P50": 49.19015075715751,
    "P60": 50.54371046020155,
    "P65": 55.020261265066786,
    "P75": 57.80072215799623,
    "P90": 68.08519850751705
  },
  "maturity_index": {
    "P10": 40.17202369099088,
    "P25": 46.76609562767229,
    "P40": 49.45484333831243,
    "P50": 51.35105346021864,
    "P60": 51.914434921368475,
    "P65": 52.40560187634583,
    "P75": 54.339418196269605,
    "P90": 56.55018907560382
  },
  "stability_score": {
    "P10": 47.64408324930087,
    "P25": 48.242183127909655,
    "P40": 48.73580804135107,
    "P50": 50.25527787569055,
    "P60": 52.90850846595781,
    "P65": 54.297075883032015,
    "P75": 56.20360714090218,
    "P90": 65.60216970656641
  },
  "junction_density": {
    "P10": 18.67553404507192,
    "P25": 20.254112278582088,
    "P40": 20.86441564625786,
    "P50": 21.180683169205842,
    "P60": 21.8403449049707,
    "P65": 22.519707798514265,
    "P75": 23.02386459942405,
    "P90": 25.125439643864755
  },
  "endpoint_density": {
    "P10": 1.9306176022694264,
    "P25": 2.1357568220201437,
    "P40": 2.3872555047674555,
    "P50": 2.5117360568019005,
    "P60": 2.5718812201545402,
    "P65": 2.5798572386535974,
    "P75": 2.731747260302065,
    "P90": 2.9816617063332553
  },
  "loop_total": {
    "P10": 59.80000000000001,
    "P25": 99.25,
    "P40": 110.0,
    "P50": 114.0,
    "P60": 122.0,
    "P65": 143.70000000000005,
    "P75": 188.75,
    "P90": 385.50000000000006
  },
  "mean_diameter_um": {
    "P10": 22.429096380869545,
    "P25": 23.150358597437542,
    "P40": 23.544206619262695,
    "P50": 23.62979571024577,
    "P60": 23.76905377705892,
    "P65": 23.85393373171489,
    "P75": 24.212219715118408,
    "P90": 25.436302820841476
  },
  "cv_diameter": {
    "P10": 45.8113763765623,
    "P25": 46.40728433211116,
    "P40": 47.03720083050554,
    "P50": 47.365177010013554,
    "P60": 47.689545404601056,
    "P65": 48.36871306639513,
    "P75": 49.51669062140733,
    "P90": 62.54509999484109
  },
  "arteriolarization_segment_count": {
    "P10": 124.5,
    "P25": 235.25,
    "P40": 314.2,
    "P50": 337.5,
    "P60": 358.4,
    "P65": 397.75000000000006,
    "P75": 423.25,
    "P90": 1069.3000000000002
  },
  "center_branch_count": {
    "P10": 0.0,
    "P25": 0.0,
    "P40": 0.0,
    "P50": 0.0,
    "P60": 0.0,
    "P65": 0.0,
    "P75": 2.0,
    "P90": 14.800000000000011
  },
  "periphery_branch_count": {
    "P10": 300.00000000000006,
    "P25": 480.0,
    "P40": 506.40000000000003,
    "P50": 533.5,
    "P60": 558.1999999999999,
    "P65": 589.4000000000001,
    "P75": 796.5,
    "P90": 1742.7
  },
  "vessel_length_center": {
    "P10": 0.0,
    "P25": 0.0,
    "P40": 0.0,
    "P50": 0.0,
    "P60": 0.0,
    "P65": 0.0,
    "P75": 0.11278174593052019,
    "P90": 0.7404048096416246
  },
  "vessel_length_periphery": {
    "P10": 12.97023496136696,
    "P25": 22.97777776360617,
    "P40": 25.8458778106142,
    "P50": 26.313184207233494,
    "P60": 27.26881806955938,
    "P65": 28.585621652011138,
    "P75": 33.42873146187742,
    "P90": 56.5748217553505
  },
  "num_endpoints": {
    "P10": 36.1,
    "P25": 52.25,
    "P40": 57.2,
    "P50": 61.0,
    "P60": 68.4,
    "P65": 69.85,
    "P75": 83.75,
    "P90": 145.90000000000018
  },
  "image_width_px": {
    "P10": 1024.0,
    "P25": 1024.0,
    "P40": 1024.0,
    "P50": 1024.0,
    "P60": 1024.0,
    "P65": 1024.0,
    "P75": 1024.0,
    "P90": 1024.0
  },
  "eccentricity": {
    "P10": 0.22013722322378498,
    "P25": 0.3859520395369813,
    "P40": 0.5654473388858116,
    "P50": 0.5805216837048395,
    "P60": 0.8570954047381268,
    "P65": 0.8844014909832681,
    "P75": 1.0,
    "P90": 1.0
  },
  "radial_uniformity": {
    "P10": 0.30000000000000004,
    "P25": 0.46249999999999997,
    "P40": 0.63,
    "P50": 0.7,
    "P60": 0.7,
    "P65": 0.7,
    "P75": 0.7,
    "P90": 1.0
  },
  "angular_cv": {
    "P10": 0.43496135336396546,
    "P25": 0.5317202894736845,
    "P40": 0.6147169550330206,
    "P50": 0.6866245605840442,
    "P60": 0.8915580925741264,
    "P65": 0.9478974471183038,
    "P75": 0.996618948717421,
    "P90": 1.0971760209648487
  },
  "stability_ref": "stability_ref_small_3mm.json"
}