{
  "size_class": "small",
  "n_cases": 33,
  "n_before": 12,
  "n_after": 21,
  "note": "Combined before+after cohort. Rebuilt from MNV_batch_20260220_083448small合同.csv. stability_score = Caliber Uniformity Score. complexity_score uses 4-variable combined PCA. Re-computed with sigmoid PCA pipeline (PC1×0.7+PC2×0.2+Trunk×0.1). maturity_index = clip(50+(stability-complexity)/2, 0, 100).",
  "percentiles": [
    10,
    25,
    40,
    50,
    60,
    65,
    75,
    90
  ],
  "complexity_score": {
    "P10": 35.9678778276489,
    "P25": 40.609260192452126,
    "P40": 47.82318936131618,
    "P50": 50.71590220589094,
    "P60": 53.27270031269614,
    "P65": 55.84230931375588,
    "P75": 57.46941040051154,
    "P90": 68.53462440935631
  },
  "maturity_index": {
    "P10": 39.850205146538684,
    "P25": 48.2615229363229,
    "P40": 51.37378686848358,
    "P50": 52.37324159484256,
    "P60": 54.473082918276425,
    "P65": 54.858595835542914,
    "P75": 55.99232400096009,
    "P90": 57.40689192876438
  },
  "stability_score": {
    "P10": 31.047981876,
    "P25": 51.05944299,
    "P40": 53.873201192,
    "P50": 56.69698329,
    "P60": 59.548634022,
    "P65": 60.40941851,
    "P75": 64.34172569,
    "P90": 66.41396694
  },
  "junction_density": {
    "P10": 11.625125968,
    "P25": 13.85106754,
    "P40": 15.142785492,
    "P50": 15.38952987,
    "P60": 17.299942033999997,
    "P65": 17.383368442000002,
    "P75": 18.07005948,
    "P90": 19.308043853999997
  },
  "endpoint_density": {
    "P10": 1.3862309957999999,
    "P25": 1.880727328,
    "P40": 2.1949753452,
    "P50": 2.378141527,
    "P60": 2.5398335184,
    "P65": 2.5696943464,
    "P75": 2.808118033,
    "P90": 3.4106169336
  },
  "loop_total": {
    "P10": 38.2,
    "P25": 49.0,
    "P40": 64.4,
    "P50": 69.0,
    "P60": 87.19999999999999,
    "P65": 108.80000000000001,
    "P75": 120.0,
    "P90": 169.8
  },
  "mean_diameter_um": {
    "P10": 27.342266178000003,
    "P25": 29.14339429,
    "P40": 30.014859112,
    "P50": 32.61184227,
    "P60": 33.923558144,
    "P65": 34.315612168,
    "P75": 35.15371587,
    "P90": 38.044334766
  },
  "cv_diameter": {
    "P10": 39.015719004,
    "P25": 40.32666207,
    "P40": 40.899638554,
    "P50": 41.30969152,
    "P60": 41.459947654,
    "P65": 41.578666766000005,
    "P75": 42.80629571,
    "P90": 44.504826674
  },
  "arteriolarization_segment_count": {
    "P10": 60.6,
    "P25": 93.0,
    "P40": 110.4,
    "P50": 161.0,
    "P60": 191.2,
    "P65": 208.0,
    "P75": 236.0,
    "P90": 509.2000000000001
  },
  "center_branch_count": {
    "P10": 0.0,
    "P25": 0.0,
    "P40": 2.0,
    "P50": 3.0,
    "P60": 8.2,
    "P65": 12.200000000000003,
    "P75": 17.0,
    "P90": 26.0
  },
  "periphery_branch_count": {
    "P10": 176.2,
    "P25": 239.0,
    "P40": 303.6,
    "P50": 336.0,
    "P60": 437.79999999999995,
    "P65": 504.20000000000005,
    "P75": 559.0,
    "P90": 704.2
  },
  "vessel_length_center": {
    "P10": 0.0,
    "P25": 0.0,
    "P40": 0.08080730300000002,
    "P50": 0.257412108,
    "P60": 0.9305371734,
    "P65": 1.0217089422,
    "P75": 1.122563973,
    "P90": 1.6787169636000001
  },
  "vessel_length_periphery": {
    "P10": 11.890519182,
    "P25": 14.89248753,
    "P40": 18.166504124000003,
    "P50": 23.65761295,
    "P60": 31.611444313999996,
    "P65": 33.77680505,
    "P75": 35.09280639,
    "P90": 42.384391006
  },
  "num_endpoints": {
    "P10": 30.4,
    "P25": 35.0,
    "P40": 47.0,
    "P50": 50.0,
    "P60": 54.2,
    "P65": 56.6,
    "P75": 71.0,
    "P90": 95.60000000000001
  },
  "image_width_px": {
    "P10": 1024.0,
    "P25": 1024.0,
    "P40": 1024.0,
    "P50": 1024.0,
    "P60": 1024.0,
    "P65": 1024.0,
    "P75": 1024.0,
    "P90": 1024.0
  },
  "eccentricity": {
    "P10": 0.22013722322378498,
    "P25": 0.3859520395369813,
    "P40": 0.5654473388858116,
    "P50": 0.5805216837048395,
    "P60": 0.8570954047381268,
    "P65": 0.8844014909832681,
    "P75": 1.0,
    "P90": 1.0
  },
  "radial_uniformity": {
    "P10": 0.30000000000000004,
    "P25": 0.46249999999999997,
    "P40": 0.63,
    "P50": 0.7,
    "P60": 0.7,
    "P65": 0.7,
    "P75": 0.7,
    "P90": 1.0
  },
  "angular_cv": {
    "P10": 0.43496135336396546,
    "P25": 0.5317202894736845,
    "P40": 0.6147169550330206,
    "P50": 0.6866245605840442,
    "P60": 0.8915580925741264,
    "P65": 0.9478974471183038,
    "P75": 0.996618948717421,
    "P90": 1.0971760209648487
  }
}