{
  "size_class": "small",
  "n_cases": 23,
  "percentiles": [
    10,
    25,
    40,
    50,
    60,
    65,
    75,
    90
  ],
  "complexity_score": {
    "P10": 3.769811026807357,
    "P25": 4.206763765302956,
    "P40": 4.8101428919859135,
    "P50": 5.136117957036369,
    "P60": 17.563243257360654,
    "P65": 23.71902016638424,
    "P75": 35.11574481671006,
    "P90": 50.07758061142311
  },
  "maturity_index": {
    "P10": 34.97699489594209,
    "P25": 55.642646218149864,
    "P40": 60.50983339410903,
    "P50": 61.992582367609515,
    "P60": 65.3292661709658,
    "P65": 66.71227978049448,
    "P75": 69.29570671923489,
    "P90": 71.36426867881333
  },
  "stability_score": {
    "P10": 21.296831344105957,
    "P25": 30.210470258474725,
    "P40": 35.76623623064212,
    "P50": 38.64457578329365,
    "P60": 43.35679400854304,
    "P65": 45.2368281250196,
    "P75": 47.24335930217964,
    "P90": 57.1605791139231
  },
  "junction_density": {
    "P10": 12.66685939039815,
    "P25": 14.002194399327145,
    "P40": 15.036831374005466,
    "P50": 15.757686979616452,
    "P60": 15.974791009306509,
    "P65": 16.427248196578752,
    "P75": 16.791355141637027,
    "P90": 22.851708357302208
  },
  "endpoint_density": {
    "P10": 1.1366636700834338,
    "P25": 1.3976538104876415,
    "P40": 1.631157350814094,
    "P50": 1.7020131726090861,
    "P60": 1.8120187259642857,
    "P65": 1.8303092583217504,
    "P75": 1.9064009434196674,
    "P90": 2.2529704396281103
  },
  "eccentricity": {
    "P10": 0.31030442128725116,
    "P25": 0.3856729241215721,
    "P40": 0.4104359639902468,
    "P50": 0.439011525689035,
    "P60": 0.4816815058843947,
    "P65": 0.505680629991854,
    "P75": 0.5996949331772339,
    "P90": 0.7365910714484938
  },
  "radial_uniformity": {
    "P10": 0.2,
    "P25": 0.31875,
    "P40": 0.48750000000000004,
    "P50": 0.5249999999999999,
    "P60": 0.625,
    "P65": 0.6475000000000001,
    "P75": 0.7,
    "P90": 0.7
  },
  "angular_cv": {
    "P10": 0.3358631512599183,
    "P25": 0.46108249180248567,
    "P40": 0.7043620879850419,
    "P50": 0.7566942228268585,
    "P60": 0.8565780903370955,
    "P65": 0.8958077251447395,
    "P75": 0.9283330346833814,
    "P90": 1.046475753846102
  },
  "loop_total": {
    "P10": 6.400000000000002,
    "P25": 19.0,
    "P40": 27.400000000000002,
    "P50": 70.0,
    "P60": 76.0,
    "P65": 91.20000000000002,
    "P75": 242.5,
    "P90": 305.6
  },
  "mean_diameter_um": {
    "P10": 26.615618387858074,
    "P25": 28.05920124053955,
    "P40": 28.607995986938477,
    "P50": 28.72732480367025,
    "P60": 29.471381287251848,
    "P65": 29.791179211598905,
    "P75": 32.440689404805504,
    "P90": 37.754498163859054
  },
  "cv_diameter": {
    "P10": 50.04490292296412,
    "P25": 50.867180130508515,
    "P40": 52.575759761271016,
    "P50": 53.693399388333845,
    "P60": 54.363551100880755,
    "P65": 56.616578454519114,
    "P75": 65.16499046099173,
    "P90": 80.77488230474965
  },
  "arteriolarization_segment_count": {
    "P10": 32.60000000000001,
    "P25": 78.5,
    "P40": 127.60000000000002,
    "P50": 256.0,
    "P60": 355.7999999999999,
    "P65": 463.6,
    "P75": 903.0,
    "P90": 1430.8000000000002
  },
  "center_branch_count": {
    "P10": 0.0,
    "P25": 0.0,
    "P40": 0.0,
    "P50": 5.0,
    "P60": 9.0,
    "P65": 9.600000000000001,
    "P75": 16.0,
    "P90": 99.60000000000002
  },
  "periphery_branch_count": {
    "P10": 46.00000000000001,
    "P25": 96.0,
    "P40": 118.80000000000001,
    "P50": 317.0,
    "P60": 333.59999999999997,
    "P65": 386.7000000000001,
    "P75": 1073.5,
    "P90": 1335.2
  },
  "vessel_length_center": {
    "P10": 0.0,
    "P25": 0.0,
    "P40": 0.0,
    "P50": 0.4066666666666662,
    "P60": 0.5211140930662435,
    "P65": 0.5463134196483923,
    "P75": 0.8507919668441197,
    "P90": 8.647416156926653
  },
  "vessel_length_periphery": {
    "P10": 1.8730411725049931,
    "P25": 6.186572627459182,
    "P40": 7.156148432274878,
    "P50": 20.38750167079014,
    "P60": 21.560458765181597,
    "P65": 24.706065930085103,
    "P75": 45.04589727194222,
    "P90": 105.7501486616047
  },
  "num_endpoints": {
    "P10": 10.0,
    "P25": 13.0,
    "P40": 19.6,
    "P50": 31.0,
    "P60": 39.4,
    "P65": 43.400000000000006,
    "P75": 68.0,
    "P90": 195.6
  },
  "image_width_px": {
    "P10": 450.0,
    "P25": 450.0,
    "P40": 450.0,
    "P50": 450.0,
    "P60": 450.0,
    "P65": 450.0,
    "P75": 450.0,
    "P90": 450.0
  }
}