{
  "size_class": "large",
  "n_cases": 49,
  "n_before": 30,
  "n_after": 19,
  "note": "Combined before+after cohort. Rebuilt 2026-02-20. stability_score = Caliber Uniformity Score. complexity_score uses 4-variable combined PCA.",
  "percentiles": [
    10,
    25,
    40,
    50,
    60,
    65,
    75,
    90
  ],
  "complexity_score": {
    "P10": 9.459495851870448,
    "P25": 29.685614434457793,
    "P40": 33.8471230843596,
    "P50": 37.23221689570288,
    "P60": 42.69609654352372,
    "P65": 44.633671714789024,
    "P75": 49.70214370037652,
    "P90": 60.6446133049973
  },
  "maturity_index": {
    "P10": 42.153557452863474,
    "P25": 46.578589010313536,
    "P40": 70.08968264138969,
    "P50": 76.31577314755495,
    "P60": 77.71831609995971,
    "P65": 78.16551839203933,
    "P75": 80.18192502674933,
    "P90": 81.25319447120843
  },
  "stability_score": {
    "P10": 56.25782519936717,
    "P25": 60.4755674360725,
    "P40": 64.40785172843185,
    "P50": 66.44906910186322,
    "P60": 66.80973091033692,
    "P65": 67.63920347242308,
    "P75": 67.99402025489235,
    "P90": 69.01436975924292
  },
  "junction_density": {
    "P10": 23.798733080054753,
    "P25": 24.899989847304408,
    "P40": 25.32020926834706,
    "P50": 25.713394926782414,
    "P60": 26.26411812128231,
    "P65": 26.34102333694214,
    "P75": 26.66730422684755,
    "P90": 28.171471336541327
  },
  "endpoint_density": {
    "P10": 4.374728975036713,
    "P25": 5.200668205853464,
    "P40": 5.442822419665551,
    "P50": 5.845425071882396,
    "P60": 6.074584157948774,
    "P65": 6.122046076345219,
    "P75": 6.274911413966173,
    "P90": 6.961495944640892
  },
  "loop_total": {
    "P10": 87.20000000000002,
    "P25": 179.0,
    "P40": 238.2,
    "P50": 277.0,
    "P60": 308.8,
    "P65": 315.40000000000003,
    "P75": 398.0,
    "P90": 522.2
  },
  "mean_diameter_um": {
    "P10": 15.634331200271843,
    "P25": 15.751990489661694,
    "P40": 15.927867125719786,
    "P50": 16.005038749426603,
    "P60": 16.084448900073767,
    "P65": 16.11166102811694,
    "P75": 16.263958532363176,
    "P90": 16.533614695072174
  },
  "cv_diameter": {
    "P10": 36.918752762166775,
    "P25": 37.65804462397733,
    "P40": 38.23101057552142,
    "P50": 38.4866987470294,
    "P60": 38.85939338786428,
    "P65": 38.927418171356805,
    "P75": 39.070509127568414,
    "P90": 39.738903197906204
  },
  "arteriolarization_segment_count": {
    "P10": 399.6,
    "P25": 785.0,
    "P40": 1157.2000000000003,
    "P50": 1296.0,
    "P60": 1533.5999999999997,
    "P65": 1569.0000000000002,
    "P75": 1842.0,
    "P90": 2593.6000000000004
  },
  "center_branch_count": {
    "P10": 0.0,
    "P25": 4.0,
    "P40": 14.400000000000006,
    "P50": 28.0,
    "P60": 52.999999999999986,
    "P65": 62.2,
    "P75": 77.0,
    "P90": 160.60000000000005
  },
  "periphery_branch_count": {
    "P10": 551.2,
    "P25": 1011.0,
    "P40": 1343.2000000000003,
    "P50": 1672.0,
    "P60": 1792.0,
    "P65": 1947.4000000000003,
    "P75": 2293.0,
    "P90": 3117.000000000001
  },
  "vessel_length_center": {
    "P10": 0.0,
    "P25": 0.1531765759202985,
    "P40": 0.5382464147240837,
    "P50": 1.05566321625803,
    "P60": 2.2922948780682377,
    "P65": 2.5818657824393973,
    "P75": 3.0548286978537917,
    "P90": 7.257993856980807
  },
  "vessel_length_periphery": {
    "P10": 23.64960048198601,
    "P25": 40.55245998122457,
    "P40": 49.26975705453974,
    "P50": 62.72328484549526,
    "P60": 71.74717553261455,
    "P65": 75.12258052878141,
    "P75": 83.60754568752685,
    "P90": 120.51183180279837
  },
  "num_endpoints": {
    "P10": 148.0,
    "P25": 242.0,
    "P40": 274.4,
    "P50": 353.0,
    "P60": 440.39999999999986,
    "P65": 462.0,
    "P75": 508.0,
    "P90": 679.0000000000003
  },
  "image_width_px": {
    "P10": 1024.0,
    "P25": 1024.0,
    "P40": 1024.0,
    "P50": 1024.0,
    "P60": 1024.0,
    "P65": 1024.0,
    "P75": 1024.0,
    "P90": 1024.0
  },
  "eccentricity": {
    "P10": 0.22013722322378498,
    "P25": 0.3859520395369813,
    "P40": 0.5654473388858116,
    "P50": 0.5805216837048395,
    "P60": 0.8570954047381268,
    "P65": 0.8844014909832681,
    "P75": 1.0,
    "P90": 1.0
  },
  "radial_uniformity": {
    "P10": 0.30000000000000004,
    "P25": 0.46249999999999997,
    "P40": 0.63,
    "P50": 0.7,
    "P60": 0.7,
    "P65": 0.7,
    "P75": 0.7,
    "P90": 1.0
  },
  "angular_cv": {
    "P10": 0.43496135336396546,
    "P25": 0.5317202894736845,
    "P40": 0.6147169550330206,
    "P50": 0.6866245605840442,
    "P60": 0.8915580925741264,
    "P65": 0.9478974471183038,
    "P75": 0.996618948717421,
    "P90": 1.0971760209648487
  }
}