{
  "size_class": "large",
  "n_cases": 49,
  "n_before": 30,
  "n_after": 19,
  "note": "n=49. stability: size-specific PCA (method 3) + piecewise correction. complexity: pipeline ref. maturity=clip(50+(stability-complexity)/2,0,100). 2026-02-25.",
  "percentiles": [
    10,
    25,
    40,
    50,
    60,
    65,
    75,
    90
  ],
  "complexity_score": {
    "P10": 33.433459332986736,
    "P25": 42.41604158950794,
    "P40": 45.18114414043927,
    "P50": 47.95651027673983,
    "P60": 49.65910616733913,
    "P65": 51.15906613815069,
    "P75": 55.365748761145355,
    "P90": 65.01840114610192
  },
  "maturity_index": {
    "P10": 45.374181615771526,
    "P25": 48.612850073297736,
    "P40": 50.14447170485483,
    "P50": 51.26968844390011,
    "P60": 52.38242720810316,
    "P65": 52.78609995530028,
    "P75": 54.08455573005129,
    "P90": 57.32653652740643
  },
  "stability_score": {
    "P10": 32.97813116200572,
    "P25": 41.32466470454904,
    "P40": 47.000000178295494,
    "P50": 50.623352193766756,
    "P60": 53.51815019744377,
    "P65": 56.38124487159321,
    "P75": 60.05304925266099,
    "P90": 68.07186272543541
  },
  "junction_density": {
    "P10": 23.775963389113638,
    "P25": 24.881095970571074,
    "P40": 25.481268368765495,
    "P50": 26.03061167594193,
    "P60": 26.273847259633076,
    "P65": 26.357690896790423,
    "P75": 26.87851136086349,
    "P90": 27.802364561186973
  },
  "endpoint_density": {
    "P10": 4.519315714192377,
    "P25": 5.251647604353329,
    "P40": 5.522205419892471,
    "P50": 5.7906535265105,
    "P60": 6.047766121322488,
    "P65": 6.140948312239646,
    "P75": 6.206905328280437,
    "P90": 6.835082176485708
  },
  "loop_total": {
    "P10": 78.4,
    "P25": 180.0,
    "P40": 204.0,
    "P50": 255.0,
    "P60": 301.0,
    "P65": 326.80000000000007,
    "P75": 388.0,
    "P90": 545.2000000000004
  },
  "mean_diameter_um": {
    "P10": 15.617677196860313,
    "P25": 15.751303173601627,
    "P40": 15.979519486427307,
    "P50": 16.066716983914375,
    "P60": 16.130815912038088,
    "P65": 16.142007149755955,
    "P75": 16.277324873954058,
    "P90": 16.47211192175746
  },
  "cv_diameter": {
    "P10": 37.066997302942696,
    "P25": 37.854540635932175,
    "P40": 38.399181827318635,
    "P50": 38.55939940160805,
    "P60": 38.81669953960533,
    "P65": 38.8790334974734,
    "P75": 39.08390049767363,
    "P90": 39.71953913058185
  },
  "arteriolarization_segment_count": {
    "P10": 329.40000000000003,
    "P25": 745.0,
    "P40": 893.4,
    "P50": 1174.0,
    "P60": 1553.1999999999996,
    "P65": 1603.8000000000002,
    "P75": 1736.0,
    "P90": 2686.4000000000005
  },
  "center_branch_count": {
    "P10": 0.0,
    "P25": 0.0,
    "P40": 7.200000000000003,
    "P50": 11.0,
    "P60": 18.999999999999986,
    "P65": 21.0,
    "P75": 54.0,
    "P90": 140.40000000000003
  },
  "periphery_branch_count": {
    "P10": 511.20000000000005,
    "P25": 1071.0,
    "P40": 1238.8000000000002,
    "P50": 1382.0,
    "P60": 1893.6,
    "P65": 2054.2,
    "P75": 2228.0,
    "P90": 3429.000000000001
  },
  "vessel_length_center": {
    "P10": 0.0,
    "P25": 0.0,
    "P40": 0.24101249639581507,
    "P50": 0.428222233129015,
    "P60": 0.6666958362732237,
    "P65": 0.9233103348162869,
    "P75": 1.9270148458595229,
    "P90": 5.145254072010849
  },
  "vessel_length_periphery": {
    "P10": 20.747654629684735,
    "P25": 40.60726416297227,
    "P40": 46.372266610597116,
    "P50": 52.12249049618245,
    "P60": 73.89163922517653,
    "P65": 75.20228231781519,
    "P75": 85.42642082172983,
    "P90": 131.9998586303334
  },
  "num_endpoints": {
    "P10": 134.20000000000002,
    "P25": 224.0,
    "P40": 273.40000000000003,
    "P50": 322.0,
    "P60": 413.4,
    "P65": 448.20000000000005,
    "P75": 517.0,
    "P90": 683.0000000000002
  },
  "image_width_px": {
    "P10": 1024.0,
    "P25": 1024.0,
    "P40": 1024.0,
    "P50": 1024.0,
    "P60": 1024.0,
    "P65": 1024.0,
    "P75": 1024.0,
    "P90": 1024.0
  },
  "eccentricity": {
    "P10": 0.22013722322378498,
    "P25": 0.3859520395369813,
    "P40": 0.5654473388858116,
    "P50": 0.5805216837048395,
    "P60": 0.8570954047381268,
    "P65": 0.8844014909832681,
    "P75": 1.0,
    "P90": 1.0
  },
  "radial_uniformity": {
    "P10": 0.30000000000000004,
    "P25": 0.46249999999999997,
    "P40": 0.63,
    "P50": 0.7,
    "P60": 0.7,
    "P65": 0.7,
    "P75": 0.7,
    "P90": 1.0
  },
  "angular_cv": {
    "P10": 0.43496135336396546,
    "P25": 0.5317202894736845,
    "P40": 0.6147169550330206,
    "P50": 0.6866245605840442,
    "P60": 0.8915580925741264,
    "P65": 0.9478974471183038,
    "P75": 0.996618948717421,
    "P90": 1.0971760209648487
  },
  "stability_ref": "stability_ref_large.json"
}